group,concentration,cultivar,stem_volume,stem_nodes,length,bush,flowering_day,SPAD,T_N,PO,KO,CaO,MgO,fresh_weight,dry_weight,weight_difference,vase_life,petals,petal_size,L_1,a_1,b_1,L_6,a_6,b_6,L_9,a_9,b_9,L_11,a_11,b_11,L_14,a_14,b_14
NSV,0,AG,3.03,7,64,3,56,108,1.12,1.47,3.23,0.18,0.65,2.6,1.29,1.31,5,10,48.85,72.94,-11.84,21.13,81.78,-15.33,28.88,82.36,-14.84,26.57,86.27,-10.6,24.78,83.03,-11.26,23.47
NSV,0,AG,3.24,8,55.5,2,65,103.9,1.14,1.45,3.24,0.19,0.66,2.79,1.34,1.45,5,11,50.79,72.94,-11.84,21.13,81.68,-12.73,24.8,82.43,-14.7,27.55,78.59,-9.22,25.55,76.83,-10.03,23.94
NSV,0,AG,3.81,8,57.8,2,59,121.2,1.11,1.47,3.25,0.18,0.64,2.45,1.04,1.41,5,10,51.35,80.35,-12.68,23.03,80.01,-14.96,29.94,82.08,-14.06,27.47,71.23,-7.12,29.13,69.47,-8.1,27.82
NSV,0,AG,3.91,7,45,4,59,133.3,1.13,1.45,3.25,0.19,0.66,3,1.46,1.54,6,10,52.76,79.3,-13.36,24.54,79.6,-14.37,27.05,80.38,-13.66,25.41,80.01,-12.89,30.66,77.84,-13.69,28.93
NSV,0,AG,3.6,7,43.5,2,59,118.2,1.16,1.47,3.24,0.18,0.62,2.72,1.35,1.37,5,11,49.71,63.91,-13.96,24.98,76.42,-15.39,29.47,78.02,-13.49,27.63,77.57,-12.53,30.65,77.44,-14.1,29.74
NSV,0,AG,2.88,8,54,2,59,88.6,1.14,1.44,3.25,0.17,0.64,2.7,1.06,1.64,15,9,49.97,67.06,-9.09,16.93,80.84,-15.96,30.02,80.78,-13.79,25.87,81.37,-15.37,29.57,80.79,-16.83,28.07
NSV,0.1,AG,3.23,8,43,2,59,100.6,1.06,0.7,3.13,0.16,0.53,2.29,1.08,1.21,5,10,46.72,77.47,-12.77,26.39,80.12,-9.18,27.72,80.93,-13.77,25.7,76.97,-7.71,26.96,76.08,-8.61,26.04
NSV,0.1,AG,3.2,8,53.5,2,61,99.6,1.05,0.72,3.15,0.18,0.58,2.71,0.89,1.82,5,10,38.58,74.79,-12.03,24.19,81.53,-13.57,27.39,81.11,-10.92,20.87,77.72,-7.29,27.52,77.07,-8.69,26.91
NSV,0.1,AG,3.82,9,49,3,76,56.4,1.08,0.71,3.13,0.16,0.55,2.75,1.31,1.44,10,14,41.74,71.47,-12.89,23.85,75.35,-11.77,21.94,72.86,-9.7,18.49,84.34,-7.2,19.05,83.48,-8.75,17.68
NSV,0.1,AG,3.3,9,39,2,77,75.9,1.05,0.72,3.15,0.18,0.58,2.98,1.18,1.8,16,10,43.01,84.84,-9.55,17.54,80.37,-13.84,26.57,82.77,-8.68,16.78,81.34,-10.05,19.74,80.63,-10.93,18.07
NSV,0.1,AG,3.68,10,42,2,75,103,1.08,0.74,3.14,0.16,0.53,2.19,0.69,1.5,7,10,43.65,68.95,-9.96,19.46,78.46,-13.76,28.4,78.31,-12.07,22.78,72.14,-7.65,31.76,72.59,-8.79,30.18
NSV,0.1,AG,3.26,8,46.5,2,80,98.2,1.04,0.71,3.13,0.16,0.53,2.46,1.13,1.33,8,10,48.9,78.36,-10.95,20.86,79.71,-13.28,25.91,79.66,-13.41,24.99,78.81,-10.06,30.46,77.85,-11.21,29.27
NSV,0.3,AG,4.01,9,56,3,65,105,0.63,2.6,3.38,0.17,0.58,2.67,1.11,1.56,10,10,44.16,70.81,-10.03,20.09,79.51,-10.48,19.85,78.41,-11.45,22.54,79.65,-6.08,23.36,77.81,-7.67,22.54
NSV,0.3,AG,3.39,8,51.5,2,65,111.7,0.61,2.62,3.36,0.16,0.59,3.01,1.23,1.78,16,11,49.23,84.55,-7.39,14.4,72.86,-9.7,18.49,74.35,-10.59,19.05,82.1,-12.24,23.98,80.74,-12.87,22.8
NSV,0.3,AG,3.76,8,48.5,2,65,114,0.61,2.61,3.37,0.17,0.57,2.79,1.03,1.76,12,11,39.61,79.56,-8.8,16.72,75.23,-10.97,20.42,76.63,-12.46,23.1,83.28,-11.28,22.91,82.15,-11.83,21.64
NSV,0.3,AG,3.33,8,44,2,65,96.3,0.61,2.62,3.36,0.16,0.59,2.19,0.97,1.22,8,10,39.07,83.23,-7.36,14.19,74.65,-13.86,25.55,78.66,-10.84,20.01,78.93,-10.96,29.2,78.88,-11.79,25.75
NSV,0.3,AG,4.5,12,54,4,68,104.5,0.65,2.62,3.38,0.16,0.58,2.18,1.14,1.04,6,10,44.72,74.35,-10.59,19.05,78.77,-11.07,21.87,76.34,-10.49,20.32,80.03,-10.46,28.62,77.03,-11.43,27.09
NSV,0.3,AG,3.87,7,48,3,68,93.2,0.62,2.61,3.37,0.17,0.58,2.36,1.1,1.26,10,11,43.81,68.83,-8.13,15.68,80.88,-14.61,27.86,79.09,-13.68,27.5,80.12,-11.59,27.7,81.9,-12.76,26.71
NSV,0.5,AG,3.83,8,61.5,2,59,114,1.37,0.6,3.28,0.17,0.59,2.84,0.88,1.96,12,12,49.58,61.09,-12.06,22.31,80.28,-12.16,24.29,80.25,-13.04,24.86,66.98,-6.32,30.07,65.91,-7.6,28.87
NSV,0.5,AG,3.36,7,49,2,65,90.6,1.39,0.61,3.27,0.18,0.58,2.64,1.25,1.39,10,12,37.15,79.24,-7.28,13.21,79.18,-12.05,21.64,80.18,-13.06,23.8,75.43,-9.49,31.52,74.19,-10.73,30.35
NSV,0.5,AG,3.57,7,50,3,65,70.7,1.36,0.61,3.29,0.17,0.58,2.81,1.06,1.75,5,10,49.82,62.89,-9.98,18.57,79.79,-14.22,27.75,78.15,-12.37,22.93,83.24,-13.99,29.31,81.3,-14.64,27.82
NSV,0.5,AG,3.14,8,51,2,65,114.5,1.37,0.6,3.26,0.18,0.58,2.58,1.58,1,5,10,48.84,76.63,-12.46,23.1,79.4,-9.85,20.21,74.75,-10.49,19.9,72.05,-7.84,31.33,71.19,-8.39,30.39
NSV,0.5,AG,4.61,8,56.5,2,65,136.2,1.36,0.6,3.28,0.16,0.58,2.63,1.24,1.39,5,10,44.4,72.85,-10.83,19.37,80.01,-15.67,29.4,74.87,-11.15,26.04,82.91,-11.2,27.04,81.56,-12.04,25.75
NSV,0.5,AG,3.06,7,43,3,68,103.8,1.34,0.6,3.29,0.17,0.58,2.47,1.29,1.18,5,9,49.85,78.79,-8.03,15.2,84.68,-11.68,24.01,74.43,-9,28.18,77.93,-9.94,28.28,75.01,-10.91,27.23
NSV,0,KP,3.27,8,60.5,2,59,104,1.04,0.89,2.46,0.2,0.39,4.34,1.7,2.64,5,17,51.31,81.73,4.54,3.51,72.37,2.75,4.08,78.28,6.9,13.06,79.3,5.29,12.29,80.37,4.53,13.62
NSV,0,KP,4.43,8,57,2,59,128,1.06,0.88,2.47,0.26,0.48,4.27,1.59,2.68,6,13,52.13,60.75,3.75,4.55,80.65,2.52,4.42,77.91,6.9,7.03,77.88,5.64,10.78,80.11,4.92,11.92
NSV,0,KP,4.65,8,56,4,76,87.9,1.02,0.88,2.46,0.2,0.39,3.99,1.27,2.72,7,15,52.39,63.36,2.71,7.16,85.72,3.44,4.83,77.8,4.13,10.96,83.91,6.4,9.11,81.7,5.49,10.68
NSV,0,KP,4.05,9,67.6,3,65,97.3,1.06,0.88,2.44,0.2,0.39,3.23,0.94,2.29,7,11,57.14,76.22,9.07,2.69,82.38,11.28,3.04,86.96,1.52,2.57,83.29,8.14,5.81,84.34,7.32,6.8
NSV,0,KP,3.72,8,53.5,3,65,92.9,1.04,0.88,2.46,0.2,0.39,2.84,1.53,1.31,5,10,48.79,81.09,6.89,2.99,86.02,4.53,4.84,82.43,7.63,3.83,79.32,2.5,8.98,80.51,1.9,9.69
NSV,0,KP,4.69,8,56,2,64,120,1.06,0.88,2.44,0.2,0.39,3.54,1.27,2.27,5,12,55.22,79.52,3.39,2.16,82.13,11.52,4.35,82.1,7.85,4.08,67.18,6.84,10.52,72.26,6.22,11.42
NSV,0.1,KP,4.28,7,65,2,65,95.9,1.09,0.48,2.35,0.25,0.45,3.56,1.24,2.32,5,16,47.31,78.72,6.77,2.22,85.21,4.94,4.04,83.55,5.41,4.06,81.29,5.78,11.57,81.23,5.08,12.73
NSV,0.1,KP,4.3,8,70.5,2,64,126.7,1.06,0.47,2.38,0.32,0.54,3.17,1.07,2.1,5,12,53.97,76.24,5.18,3.44,74.78,8.33,8.79,85,4.17,4.29,78.28,6.9,13.06,79.36,6.29,14.07
NSV,0.1,KP,4.51,7,63.5,3,65,98.1,1.08,0.45,2.34,0.25,0.45,3.37,1.37,2,5,12,53.6,82.43,7.63,3.83,81.9,9.11,6.58,82.77,6.64,3.71,77.91,6.9,7.03,78.18,5.41,7.98
NSV,0.1,KP,3.84,7,57,3,65,117.2,1.08,0.48,2.34,0.25,0.45,3.61,1.54,2.07,10,14,47.27,82.1,7.85,4.08,83.64,6.31,7.72,82.51,4.24,3.95,74.84,5.54,14.63,74.96,4.16,15.54
NSV,0.1,KP,4.12,8,62,3,65,116.6,1.09,0.48,2.34,0.25,0.45,2.88,1.42,1.46,6,10,50.18,83.55,5.41,4.06,81.92,2.97,5.26,84.7,6.47,3.79,81.18,1.72,10.32,79.26,1.25,11.42
NSV,0.1,KP,4.59,9,63,3,65,108.2,1.08,0.48,2.34,0.25,0.45,3.38,1.53,1.85,5,13,55.02,85,4.17,4.29,83.76,4.38,10.47,82.4,6.31,3.82,77.87,4.68,12.27,79.48,3.85,13.53
NSV,0.3,KP,4.07,7,56,3,65,102.8,0.92,0.78,2.65,0.23,0.56,3.85,1.21,2.64,12,16,51.6,82.77,6.64,3.71,75.31,7.29,1.35,82.23,7.84,4.12,80.05,9.08,7.64,80.66,8.02,8.59
NSV,0.3,KP,4.03,8,61,4,63,129.6,0.95,0.75,2.66,0.29,0.68,3.82,1.44,2.38,8,13,53.11,66.81,3.95,3.01,83.01,2.57,4.79,83.91,6.4,9.11,85.87,1.09,13.96,86.5,0.8,14.57
NSV,0.3,KP,4.44,9,73,4,65,105.3,0.91,0.77,2.64,0.23,0.56,3.25,1.06,2.19,8,15,47.53,79.78,3.65,3.97,83.17,2.88,2.91,83.29,8.14,5.81,83.4,4.68,13.04,85.2,3.6,14.37
NSV,0.3,KP,4.14,8,57,3,65,129.2,0.91,0.77,2.64,0.23,0.56,3.04,1.16,1.88,8,11,48.61,85.47,4.95,3.87,85.13,3.31,4.57,79.32,2.5,8.98,85.98,3.42,9.47,86.82,2.87,10.56
NSV,0.3,KP,3.81,8,56.5,2,62,131.2,0.91,0.76,2.64,0.23,0.56,4.47,0.58,3.89,7,21,50.14,82.05,3.22,2.5,82.96,2.38,4.34,84.2,4.63,3.84,80.53,2.42,9.95,83.31,1.82,10.75
NSV,0.3,KP,4.02,7,48,2,62,102.6,0.91,0.77,2.64,0.23,0.56,3.91,1.63,2.28,7,12,54.84,76.49,3.89,3.93,80.15,3.21,2.83,83.55,3.72,2.97,84.72,4.37,10.39,85.8,3.62,11.58
NSV,0.5,KP,4.87,9,70.5,3,65,114.2,0.95,1.39,2.7,0.24,0.55,3.72,1.29,2.43,10,15,45.68,77.22,9.42,2.61,83.33,7.53,2.53,83.25,4.57,3.6,77.66,8.54,7.6,79.05,7.74,8.57
NSV,0.5,KP,4.05,7,48.5,3,68,100.5,0.97,1.38,2.73,0.31,0.67,3.45,1.19,2.26,12,13,49.68,80.17,10.22,3.24,84.19,8.76,2.34,84.85,4.75,4.17,84.71,5.54,5.68,85.89,4.85,6.34
NSV,0.5,KP,4.82,8,58,3,68,94.7,0.94,1.37,2.69,0.24,0.55,3.34,1.36,1.98,6,15,53.11,77.51,8.28,2.23,78.94,9.39,2.25,77.66,8.54,7.6,73.4,8.1,4.23,76.74,7.33,5.56
NSV,0.5,KP,4.54,8,59,4,65,97.2,0.95,1.39,2.69,0.24,0.55,3.77,1.18,2.59,5,12,55.45,86.43,6.2,4.17,84.73,2.9,8.48,83.41,8.69,3.69,83.87,5.02,9.5,84.78,4.52,10.46
NSV,0.5,KP,4.49,8,56,5,75,80.9,0.97,1.39,2.69,0.24,0.55,4.11,1.07,3.04,6,12,56.35,85.77,7.81,4.16,86.03,4.82,5.17,84.81,6.79,4.22,73.41,1.87,13.31,74.82,1.55,14.36
NSV,0.5,KP,4.61,8,64,3,65,108.1,0.95,1.39,2.69,0.24,0.55,3.88,1.6,2.28,6,13,55.77,76.97,1.37,4.05,86.71,3.01,6.73,84.36,6.39,4.84,79.85,2.61,10.6,80.93,2.19,11.49
NSV,0,BP,3.72,6,47.5,3,56,128.9,1.15,1.71,2.77,0.36,0.89,2.99,1.02,1.97,9,11,46.22,78.52,5.91,-3.6,85.81,0.38,2.07,84.48,0.74,2.36,85.28,-0.08,7.74,83.54,0.05,5.01
NSV,0,BP,3.59,6,61.5,2,56,113.8,1.16,1.72,2.78,0.42,1,2.35,1.08,1.27,7,10,42.4,70.08,-0.08,1.89,89.81,0.22,2.63,88.36,0.88,2.58,41.17,25.22,-22.18,39.76,23.92,-24.03
NSV,0,BP,4.88,7,67,4,59,122.9,1.17,1.73,2.78,0.36,0.89,2.84,1.29,1.55,9,15,43.1,76.76,0.77,3.65,86.66,4.68,-0.91,84.73,4.33,0.88,32.53,32.01,-27.89,30.19,30.66,-28.53
NSV,0,BP,4.2,6,62.5,2,59,72.3,1.16,1.72,2.78,0.43,1.01,3.01,1.1,1.91,7,11,43.85,71.65,7.71,-4.76,89.26,-0.75,6.64,87.76,0.29,5.66,85.9,0.28,10.65,83.91,0.07,8.7
NSV,0,BP,3.59,6,45,4,61,104.5,1.15,1.71,2.77,0.36,1.04,3.05,0.91,2.14,7,12,47.97,58.35,10.12,-7.71,90.86,-0.56,4.16,89.88,0.81,3.42,73.77,2.21,7.51,71.23,1.96,6.29
NSV,0,BP,3.77,6,46.5,3,72,134,1.17,1.7,2.74,0.36,0.89,2.12,0.81,1.31,12,10,43.48,89.7,-0.35,2.43,89.33,-0.52,3.4,88.58,1.05,2.93,89.06,0.1,2.95,87.3,0.02,1.8
NSV,0.1,BP,5.04,6,61,4,68,138.6,1.36,0.7,2.74,0.33,0.83,3.72,1.24,2.48,12,18,39.35,33.97,24.91,-20.21,56.42,16.54,-8.46,63.99,15.55,-8.69,62.78,9.21,-6.57,61.95,8.05,-7.35
NSV,0.1,BP,4.08,6,46.5,3,68,120.6,1.35,0.72,2.75,0.38,0.92,3.78,1,2.78,10,16,41.19,62.84,14.08,-12.65,86.69,-0.27,2.74,84.7,0.25,3.04,45.24,14.87,-13.92,43.69,14.12,-15.16
NSV,0.1,BP,3.7,6,50,3,65,122.6,1.34,0.69,2.72,0.33,0.87,3.47,1.23,2.24,8,10,40.98,74.06,-0.71,2.1,88.64,1.14,2.23,87.02,1.14,2.91,41.23,10.19,9.46,39.28,8.96,8.29
NSV,0.1,BP,4.32,7,23,3,68,108.9,1.35,0.72,2.75,0.38,0.92,2.77,0.77,2,7,13,40.02,40.01,31.72,-25.57,69.13,13.62,-11.97,74.35,2.59,7.72,63.72,7.26,-2.79,62.48,6.67,-4.09
NSV,0.1,BP,4.74,6,49,4,65,138.7,1.36,0.7,2.74,0.38,0.92,4.28,1.1,3.18,10,19,42.09,73.42,0.99,1.74,85.87,2.02,0.33,83.37,2.27,1.22,32.32,27.82,-22.45,30.53,25.38,-23.67
NSV,0.1,BP,4.28,6,45.5,4,65,109.7,1.34,0.69,2.72,0.33,0.83,2.99,1.18,1.81,10,13,41.42,86.81,-0.47,3.28,89.18,-0.47,4.25,87.66,-0.71,4.14,84.04,-0.08,4.7,81.92,0.06,3.5
NSV,0.3,BP,4.58,7,55.5,4,64,140.2,1,0.65,2.6,0.27,0.77,2.88,0.84,2.04,11,10,45.94,72.54,5.07,-2.45,83.39,0.68,1.2,82.04,0.66,1.16,86.96,1.52,2.57,85.32,1.18,1.45
NSV,0.3,BP,4.01,6,53.5,2,64,146.4,1.05,0.66,2.61,0.32,0.85,3.94,0.77,3.17,7,15,47.01,73.4,4.82,-2.29,87.73,-0.37,4.83,88.47,-0.52,4.22,66.09,-0.48,23.17,64.6,0.23,21.36
NSV,0.3,BP,3.33,5,40,2,65,118.7,1.03,0.66,2.59,0.26,0.77,2.73,0.79,1.94,11,11,41.83,52.39,21.36,-18.44,71.35,11.91,-9.15,73.51,11.85,-8.21,41.24,23.42,-21.06,40.02,22.18,-23.35
NSV,0.3,BP,4.19,6,62.5,2,65,134.6,1.05,0.66,2.61,0.32,0.85,2.75,0.88,1.87,16,10,47.2,84.75,1.66,0.19,85.54,3.04,1.18,86.48,2.43,1.26,83.07,1.98,0.51,80.28,1.5,0.11
NSV,0.3,BP,4.46,7,58.5,2,65,144.9,1.03,0.65,2.63,0.33,0.85,4.84,1.57,3.27,16,16,48.42,63.84,13.7,-10.29,83.34,2.22,-0.5,84.36,2.65,-0.29,62.47,9.27,-5.76,61.05,8.68,-6.4
NSV,0.3,BP,4.92,7,53,3,59,116.3,1.03,0.66,2.59,0.27,0.77,2.65,0.99,1.66,16,10,44.13,79.88,6.89,-4.47,86.61,0.41,1.62,88.48,0.57,1.69,74.96,0.6,2.82,73.82,0.42,1.81
NSV,0.5,BP,3.93,6,48.5,3,56,136.9,1.27,0.62,2.42,0.28,0.75,2.93,0.71,2.22,8,10,38.83,70.8,10.66,-9.01,88.02,0.02,2.16,89.11,0.06,2.92,43.05,19.29,-18.89,41.86,18.64,-17.34
NSV,0.5,BP,4.94,6,52,4,65,131.6,1.26,0.63,2.43,0.34,0.84,2.32,0.95,1.37,8,10,43.33,78.41,5.61,-3.12,91.57,-0.85,4.8,91.96,-0.83,4.48,70.71,2.78,2.82,69.75,1.76,1.43
NSV,0.5,BP,4.05,6,50.5,2,75,133.6,1.28,0.64,2.41,0.28,0.76,3.89,0.76,3.13,8,10,49.96,45.23,29.85,-25.56,91.35,1.02,3.06,91.76,1.44,2.85,42.6,17.85,-9.35,41.46,16.65,-9.65
NSV,0.5,BP,3.92,6,60,3,59,135.5,1.26,0.63,2.43,0.34,0.84,2.91,0.95,1.96,10,15,46.05,69.8,6.91,-4.75,77.73,2.57,-1.06,82.77,2.77,-1.04,74.04,6.98,-1.8,72.67,6.35,-2.63
NSV,0.5,BP,4.4,7,50.5,3,77,139.5,1.27,0.62,2.42,0.34,0.84,3.02,1.67,1.35,10,16,42.16,88.4,0.33,2.54,87.61,0.18,1.84,88.84,0.35,1.85,77.12,4.8,0.1,74.73,4.15,0.01
NSV,0.5,BP,4.46,7,52,3,79,140.4,1.24,0.64,2.44,0.28,0.75,2.77,1.19,1.58,12,10,43.99,88.4,0.33,2.54,89.85,0.25,2.55,91.14,0.5,2.35,49.24,14.28,-14.46,47.72,13.46,-15.55
NSV,0,KW,4.09,7,52,3,65,117.4,1.51,0.77,2.36,0.21,0.51,3.67,1.42,2.25,8,10,48.66,86.63,-0.83,2.38,91.44,-1.23,4.45,90.86,-1.29,4.36,90.7,-0.37,9.54,89.38,-1.04,9.95
NSV,0,KW,3.51,7,61.5,2,65,130,1.53,0.79,2.35,0.27,0.61,3.92,1.52,2.4,5,15,54.56,91.31,-0.57,3.36,91.97,-1.27,5.23,91.29,-1.35,6.04,80.74,1,10.69,79.06,0.43,12.02
NSV,0,KW,4.38,8,61,4,59,122.2,1.49,0.77,2.35,0.21,0.51,3.57,0.66,2.91,8,11,52.01,91.06,-0.54,2.6,89.89,-0.19,2.68,90.93,-0.27,3.26,89.51,-0.74,9.31,87.37,-1.33,10.74
NSV,0,KW,3.38,8,55,3,65,143.6,1.47,0.78,2.35,0.21,0.51,4.35,1.42,2.93,6,15,45.81,89.04,-0.71,3.12,90.9,-0.88,4.61,91.92,-0.99,5.2,89.85,0.95,8.09,88.52,0.05,9.5
NSV,0,KW,3.87,7,59,3,65,117.3,1.54,0.74,2.33,0.27,0.56,4.73,0.62,4.11,11,15,49.88,90.63,-0.73,3.4,89.47,-0.66,2.79,91.39,-0.91,3.77,88.58,-1.11,6.58,87.09,-2.28,7.53
NSV,0,KW,4,7,57.5,3,62,129.8,1.47,0.78,2.35,0.21,0.51,4.19,0.84,3.35,8,15,41.63,89.9,-0.76,3.72,91.52,-0.82,3.64,93.07,-0.91,3.95,81.9,0.34,10.44,81.15,0.11,11.61
NSV,0.1,KW,4.17,7,61,2,59,153.7,1.54,0.58,2.3,0.18,0.44,3.38,1.9,1.48,6,15,45.7,73.96,-1.12,3.83,84.26,-0.93,3.11,85.34,-1.1,3.45,89.02,-0.1,10.03,86.97,-1.72,11.12
NSV,0.1,KW,3.71,7,58,3,61,139.7,1.54,0.56,2.29,0.17,0.44,3.86,1.49,2.37,8,10,45.56,67.79,-1.65,3.83,84.86,-0.5,7.6,86.47,-0.78,7.91,78.7,1.22,17.73,76.69,0.66,18.47
NSV,0.1,KW,3.8,7,59,2,62,163.9,1.54,0.56,2.29,0.17,0.44,3.58,1.24,2.34,5,12,48.17,86.66,-3.13,8.18,87.27,-2.14,7.32,89.14,-2.92,7.89,87.16,-0.42,13.09,84.99,-0.83,14.56
NSV,0.1,KW,3.87,8,58,3,65,150.3,1.54,0.56,2.29,0.17,0.44,3.89,1.22,2.67,6,15,48.15,89.57,-0.42,2.65,86.25,-0.61,2.69,87.08,-0.65,3.49,83.8,-0.03,8.83,81.75,-0.82,11.26
NSV,0.1,KW,5.03,7,63.5,3,65,145.3,1.51,0.57,2.32,0.22,0.52,4,1.23,2.77,8,10,46.85,85.56,-1.18,4.21,84.27,-1.21,4.91,86.11,-1.64,5.71,84.29,-0.28,13.77,82.95,-1.48,14.96
NSV,0.1,KW,4.19,8,65.5,3,64,154,1.54,0.56,2.29,0.17,0.44,4.43,0.81,3.62,8,15,51.7,84.3,-0.89,3.59,86.08,0,12.89,87.95,-0.25,13.35,77.55,2.36,18.75,76.09,1.18,19.73
NSV,0.3,KW,3.08,6,34,4,76,130,1.43,0.89,2.33,0.14,0.45,3.46,1.42,2.04,8,10,48.379,86.98,-0.57,2.63,90.34,-0.73,3.67,91.76,-0.95,4.24,86.5,-0.05,6.58,85.37,-1.67,7.87
NSV,0.3,KW,4.52,8,68,3,62,146.6,1.45,0.87,2.35,0.17,0.52,4.11,0.48,3.63,8,15,43,91.74,-0.5,3.19,90.47,-0.84,2.97,92.46,-0.32,3.32,90.04,-0.12,7.08,88.42,-1.4,7.78
NSV,0.3,KW,4.25,7,60.5,3,68,131.6,1.43,0.88,2.32,0.14,0.46,4.06,1.4,2.66,8,15,39.72,89.83,-1,5.34,88.83,-0.91,3.97,89.72,-0.99,4.59,85.22,-0.77,12.57,84.28,-1.63,14.02
NSV,0.3,KW,4.12,7,41,3,75,129.4,1.43,0.88,2.32,0.14,0.46,3.14,0.7,2.44,10,10,41,88.61,-0.4,2.31,85.61,-0.88,2.99,87.47,-1.03,3.71,94.03,-0.59,5.68,92.25,-1.26,6.91
NSV,0.3,KW,5,7,58.5,4,76,160.6,1.41,0.87,2.35,0.17,0.52,3.98,0.7,3.28,12,15,37.83,90.23,-2.24,5.81,90.03,-0.74,3.08,91.44,-1.13,3.54,88.86,-1.68,5.94,87.65,-2.66,6.79
NSV,0.3,KW,3.6,7,46,3,75,118.7,1.43,0.88,2.32,0.14,0.46,3.8,0.52,3.28,8,10,39.05,92.04,-0.87,4,92.4,-0.95,4.14,93.85,-1.1,4.63,87.46,-0.52,7.45,86.5,-1.07,8.3
NSV,0.5,KW,3.87,8,54,3,74,148.9,1.47,0.89,2.3,0.18,0.45,5.57,0.62,4.95,8,15,48,87.79,-2.34,6.91,90.92,-2.85,8.84,91.66,-2.91,9.27,78.87,1.86,20.59,77.35,1.05,21.17
NSV,0.5,KW,4.08,7,64.5,2,65,173,1.46,0.88,2.35,0.22,0.51,4.19,0.92,3.27,16,15,36.37,88.75,-1.08,4.26,92.42,-1.03,3.96,93.12,-1.5,4.68,89.34,-0.71,5.38,87.68,-2.59,6.74
NSV,0.5,KW,3.65,8,56,3,77,130.1,1.46,0.86,2.28,0.18,0.45,3.53,0.55,2.98,16,10,41.63,73.65,-0.67,3.38,86.7,-0.55,3.28,87.88,-0.68,3.91,89.49,-0.2,3.49,86.24,-1.86,4.77
NSV,0.5,KW,4.56,7,51,4,78,136.5,1.46,0.86,2.28,0.18,0.45,3.11,0.57,2.54,8,10,42.74,91.19,-1.28,5.42,94.68,-1.03,5.34,95.39,-1.53,5.89,89.26,-0.83,8.86,87.76,-1.34,10.06
NSV,0.5,KW,4.2,7,59.5,3,75,138.4,1.47,0.87,2.29,0.18,0.45,3.29,0.86,2.43,8,10,44.89,92.4,-0.75,3.4,90.23,-0.76,3.37,92.01,-1.16,3.85,86.7,-0.42,14.12,85.01,-0.85,15.77
NSV,0.5,KW,3.92,7,48,3,65,126.6,1.46,0.86,2.28,0.18,0.45,2.92,0.84,2.08,8,10,40.55,84.94,-0.99,3.88,87.38,-1.05,3.62,88.99,-1.66,4.23,91.86,-0.53,8.97,90.27,-0.75,10.54
NSR,0,AG,4.19,8,52,4,64,115.4,1.12,1.47,3.23,0.18,0.65,3.52,1.94,1.58,10,12,55.63,79.13,-15.18,28.91,80.81,-15.14,30.24,81.55,-16.01,30.3,86.27,-10.6,24.78,81.23,-11.64,23.09
NSR,0,AG,4.29,9,45,4,68,111,1.14,1.45,3.24,0.19,0.66,2.42,1.37,1.05,10,12,52.44,80.52,-14.43,28.21,77.95,-14.21,31.36,79.07,-14.81,32.26,78.59,-9.22,25.55,76.72,-10.47,23.61
NSR,0,AG,3.63,8,52,4,65,111.8,1.11,1.47,3.25,0.18,0.64,2.15,1.28,0.87,13,10,49.37,81.63,-12,24.43,76.61,-13.52,27.72,78.05,-14.17,27.38,71.23,-7.12,29.13,69.04,-8.79,28.02
NSR,0,AG,3.73,8,53,3,56,91.6,1.13,1.45,3.25,0.19,0.66,2.52,1.42,1.1,8,11,52.56,78.53,-15.34,30.16,75.82,-13.18,28.5,76.75,-13.62,29.89,80.01,-12.89,30.66,78.3,-35.08,28.06
NSR,0,AG,3.51,9,41,2,59,122.7,1.16,1.47,3.24,0.18,0.62,2.68,1.67,1.01,13,10,58.12,79.01,-16.14,31.34,71.94,-15.99,32.56,76.15,-16.25,33.16,77.57,-12.53,30.65,75.1,-14.05,29.56
NSR,0,AG,2.66,7,45.5,3,65,122.5,1.14,1.44,3.25,0.17,0.64,2.37,1.25,1.12,11,10,52.12,80.57,-11.83,23.83,79.32,-15.84,32.01,80.35,-16.08,33.91,81.37,-15.37,29.57,79.72,-16.86,26.68
NSR,0.1,AG,3.65,9,45,4,65,115.6,1.47,0.54,3.02,0.18,0.59,3.05,1.64,1.41,11,11,52.46,81.13,-15.71,31.55,82.7,-12.66,24.93,80.81,-15.14,30.24,73.33,-1.55,23.57,81.35,-13.47,30.17
NSR,0.1,AG,3.41,10,54.5,4,65,106.5,1.49,0.53,3.03,0.17,0.59,2.16,1.55,0.61,7,11,54.25,83.65,-15.05,28.58,77.37,-7.44,26.32,77.95,-14.21,31.36,78.02,-14.77,31.17,77.14,-11,30.08
NSR,0.1,AG,3.81,9,41.5,4,56,106,1.48,0.53,3.02,0.18,0.58,1.79,1.07,0.72,8,10,56.23,83.63,-15.43,29.23,82.42,-12.9,25.79,76.61,-13.52,27.72,75.12,-13.13,27.82,81.25,-12.93,28.81
NSR,0.1,AG,3.54,9,38.5,3,73,101.7,1.49,0.53,3.03,0.17,0.59,2.67,1.47,1.2,13,10,58.62,79.72,-16.1,31.08,80.83,-15.53,31.56,75.82,-13.18,28.5,77.41,-11.73,24.46,77.13,-11.64,30.61
NSR,0.1,AG,3.34,8,47.5,2,56,99.9,1.46,0.53,3.02,0.18,0.59,3.58,3.4,0.18,19,10,55.47,77.87,-14.68,28.53,73.48,-15.98,31.44,71.94,-15.99,32.56,75.43,-12.11,30.48,82.12,-14.19,29.4
NSR,0.1,AG,3.18,8,34,4,65,104.7,1.46,0.54,3.02,0.18,0.59,2.34,1.56,0.78,7,12,57.61,80.55,-15.22,28.92,80.18,-10.8,29.18,79.32,-15.84,32.01,73.54,-1.67,28.75,80.43,-13.71,28.74
NSR,0.3,AG,3.48,7,45,4,65,107,1.39,0.6,3.17,0.16,0.59,2.75,1.77,0.98,13,11,52.15,82.69,-13.99,27.09,82.83,-14.21,29.82,82.7,-12.66,24.93,82.5,-8.93,19.29,80.69,-14.68,32.08
NSR,0.3,AG,3.1,9,52.5,3,61,106.1,1.38,0.6,3.19,0.16,0.59,2.3,1.39,0.91,6,10,51.18,79.21,-15.31,29.08,80.68,-13.51,29.58,77.37,-7.44,26.32,84.13,-8.28,18.63,68.1,0.9,30.15
NSR,0.3,AG,3.23,9,51.5,4,65,106.5,1.38,0.62,3.17,0.16,0.59,2.41,1.42,0.99,8,10,55.32,75.64,-13.69,26.01,81.33,-14.74,28.74,82.42,-12.9,25.79,81.07,-9.94,19.83,79.8,-13.97,31.9
NSR,0.3,AG,2.92,9,41,5,62,89.9,1.38,0.6,3.19,0.16,0.59,1.93,0.88,1.05,5,12,55.75,82.87,-15.42,29.95,80.81,-12.22,29.13,80.83,-15.53,31.56,77.47,-12.67,29.14,80.83,-13.92,28.4
NSR,0.3,AG,3.94,9,46.5,5,56,124.5,1.37,0.62,3.19,0.16,0.59,2.73,1.75,0.98,6,12,57.94,81.81,-13.51,27.61,80.21,-6.94,25.31,73.48,-15.98,31.44,80.09,-11.34,24.92,80.61,-16.5,31.69
NSR,0.3,AG,3.52,9,44.5,5,77,120.2,1.37,0.62,3.17,0.16,0.59,3.62,2.67,0.95,16,10,56.95,79.07,-16.38,31.38,77.55,-16.13,30.84,80.18,-10.8,29.18,81.92,-12.9,27.93,67.19,-4.57,28.83
NSR,0.5,AG,3.13,9,46,6,65,106.5,1.27,0.52,3.25,0.14,0.59,2.65,1.85,0.8,13,10,51.46,80.05,-15.57,30.17,83.25,-14.04,29.85,82.83,-14.21,29.82,79.94,-7.23,26.46,81.8,-11.17,30.85
NSR,0.5,AG,3.27,9,45,4,65,110.9,1.29,0.53,3.27,0.15,0.58,2.26,1.61,0.65,13,10,54.61,81.76,-14.89,28.09,78.24,-11.77,25,80.68,-13.51,29.58,81.19,-14.54,30.36,80.49,-13.28,30.29
NSR,0.5,AG,3.44,9,36,3,68,105.3,1.25,0.53,3.25,0.14,0.59,2.27,1.55,0.72,10,12,54.66,81.05,-14.87,28.79,84.13,-9.67,27.11,81.33,-14.74,28.74,75.39,-10.96,31.41,78.47,-14.94,31.94
NSR,0.5,AG,5,9,48,4,59,120.5,1.3,0.53,3.27,0.15,0.58,2.05,1.47,0.58,10,10,56.43,83.42,-13.44,26.62,79.08,-14.25,31.35,80.81,-12.22,29.13,78.68,-37.7,27.49,68.1,-4.7,29.69
NSR,0.5,AG,3.55,9,51.5,6,64,127.1,1.27,0.52,3.25,0.16,0.58,2.35,1.72,0.63,16,10,51.52,83.88,-13.95,26.96,76.78,-2.58,25.41,80.21,-6.94,25.31,77.34,-10.65,24.88,62.49,0.15,28.33
NSR,0.5,AG,3.68,8,44,6,65,112.2,1.25,0.53,3.24,0.14,0.59,1.94,1.52,0.42,10,10,51.32,79.79,-17.56,32.31,79.74,-13.45,32.55,77.55,-16.13,30.84,75,-13.7,26.28,79.76,-16.26,32.8
NSR,0,KP,3.64,7,56,3,59,90.1,1.04,0.89,2.46,0.2,0.39,3.55,1.46,2.09,8,14,55.9,76.49,5.66,4.04,81.95,12.67,5.17,83.25,-14.04,29.85,79.3,5.29,12.29,81.45,-10.86,28.7
NSR,0,KP,3.86,8,43.5,3,59,81.9,1.06,0.88,2.47,0.26,0.48,3.8,0.88,2.92,11,12,59.21,71.89,3.42,2.95,82.24,4.71,4.68,78.24,-11.77,25,77.88,5.64,10.78,83.23,-11.81,27.73
NSR,0,KP,3.98,6,36,3,64,86.5,1.02,0.88,2.46,0.2,0.39,3.82,0.93,2.89,6,15,61.32,80.96,5.94,4.08,80.39,6.46,10.77,84.13,-9.67,27.11,83.91,6.4,9.11,77.5,-5.92,28.68
NSR,0,KP,3.13,8,48,4,64,114.7,1.06,0.88,2.44,0.2,0.39,3.14,0.78,2.36,10,12,61.32,84.28,5.79,2.14,82.06,8.67,4.94,79.08,-14.25,31.35,83.29,8.14,5.81,78.82,-8.87,29.17
NSR,0,KP,4.06,9,46.5,4,67,82.9,1.04,0.88,2.46,0.2,0.39,3.11,0.97,2.14,6,16,51.06,79.5,6.97,1.95,81.56,5.29,6.52,76.78,-2.58,25.41,79.32,2.5,8.98,81.65,-15.1,29.05
NSR,0,KP,3.95,8,39,3,68,77.3,1.06,0.88,2.44,0.2,0.39,2.6,0.82,1.78,10,12,66.18,74.29,5.16,2.06,81.97,7.38,7.85,79.74,-13.45,32.55,67.18,6.84,10.52,77.3,-10.87,32.74
NSR,0.1,KP,4.37,9,45.5,3,65,114.5,1.18,0.95,2.6,0.22,0.54,3.53,1.47,2.06,11,13,57.54,81.25,3.59,2.85,81.54,7.98,6.83,81.95,12.67,5.17,75.82,8.17,6.84,70.62,13.07,9.45
NSR,0.1,KP,4.81,7,56.5,3,65,104.4,1.19,0.98,2.65,0.29,0.66,3.44,1.32,2.12,16,15,41.9,83.43,6.51,7.06,89.35,4.32,4.15,82.24,4.71,4.68,81.63,4.48,11.92,78.1,5.26,10.82
NSR,0.1,KP,4.65,9,58.5,5,64,103.3,1.19,0.97,2.6,0.22,0.54,3.33,1.71,1.62,11,11,58.14,85.12,3.66,5.63,81.35,5.63,9.27,80.39,6.46,10.77,82.18,9.18,7.4,73.83,5.68,17.69
NSR,0.1,KP,5.44,9,63,4,64,137.6,1.18,0.95,2.6,0.22,0.54,3.5,1.59,1.91,11,13,54.59,83.31,8.87,3.08,82.28,8.81,5.62,82.06,8.67,4.94,80.89,6.83,10.36,79.75,6.77,9.72
NSR,0.1,KP,4.96,6,56.5,4,62,126.3,1.18,0.95,2.63,0.22,0.54,3.62,2.15,1.47,16,11,57.79,79.7,1.91,7.48,79.81,9.17,4.6,81.56,5.29,6.52,80.88,6.05,6.74,73.27,7.31,18.64
NSR,0.1,KP,4.23,8,53,4,65,114.5,1.17,0.95,2.6,0.22,0.54,3.05,1.89,1.16,11,12,55.81,75.2,7.86,1.91,81.32,6.71,7.05,81.97,7.38,7.85,78.84,9.82,5.77,74.43,4.36,12.02
NSR,0.3,KP,5.16,9,59,5,59,122.8,1.05,1.61,2.88,0.23,0.58,3.08,1.54,1.54,11,12,59.03,80.52,8.22,3.01,81.75,7.37,5.53,81.54,7.98,6.83,82.19,8.21,5.95,84.05,4.89,9.58
NSR,0.3,KP,4.07,9,54.5,3,65,110.3,1.06,1.63,2.86,0.3,0.71,3.08,1.39,1.69,13,13,56.25,82.18,6.9,1.72,85.16,6.89,3.32,89.35,4.32,4.15,79.92,10.42,5.03,85.01,5.24,8.32
NSR,0.3,KP,3.68,8,48,3,65,104.8,1.04,1.6,2.84,0.23,0.58,2.49,1.23,1.26,13,12,57.19,63.98,4.15,1.36,80.99,7.17,4.94,81.35,5.63,9.27,83.33,7.93,4.37,74.2,6.33,16.85
NSR,0.3,KP,4.2,8,55,4,59,108.5,1.04,1.6,2.88,0.23,0.58,3.05,1.07,1.98,13,13,60.08,84.56,6.18,3.81,82.2,8.84,5.42,82.28,8.81,5.62,80.36,12.98,3.08,81.67,4.95,9.2
NSR,0.3,KP,4.24,7,50,5,61,102,1.04,1.6,2.88,0.23,0.58,3.42,1.56,1.86,13,12,59.22,76,4.06,3.57,81.17,5.68,3.78,79.81,9.17,4.6,86.89,4.77,7.7,86.83,4.64,5.97
NSR,0.3,KP,4.21,8,53.5,5,65,117.2,1.04,1.6,2.87,0.22,0.57,3.75,1.77,1.98,11,13,57.26,85.64,3.58,3.85,83.78,7.63,6.92,81.32,6.71,7.05,81.2,6.71,4.72,81.83,5.51,6.71
NSR,0.5,KP,4.49,8,49,4,65,123.4,0.52,2.55,2.71,0.23,0.63,3.63,2.38,1.25,16,12,57.23,77.65,7,1.66,76.78,9.22,2.96,81.75,7.37,5.53,85.5,7.95,6.99,78.52,8.6,12.83
NSR,0.5,KP,4.53,9,51.5,3,68,123.9,0.55,2.54,2.72,0.3,0.74,3.19,1.68,1.51,12,13,59.02,86.08,6.35,2.73,79.7,2.18,17.26,85.16,6.89,3.32,77.07,6.62,3.7,83.15,7.39,7.08
NSR,0.5,KP,4.39,9,60.5,4,65,115.1,0.51,2.57,2.7,0.23,0.63,2.99,1.8,1.19,16,13,52.9,85.44,4.33,3.19,87.4,7.64,4.73,80.99,7.17,4.94,79.97,7.85,8.78,79.7,10.58,6.7
NSR,0.5,KP,4.7,9,55,4,65,118.4,0.52,2.53,2.74,0.24,0.64,3.22,1.56,1.66,10,10,57.04,79.43,5.92,3.01,85.52,3.94,6.87,82.2,8.84,5.42,80.03,10.4,7.08,73.63,11.16,7.51
NSR,0.5,KP,4.26,8,56.5,4,62,133.7,0.52,2.55,2.71,0.23,0.63,3.29,1.85,1.44,11,10,62.33,77.43,7.18,0.79,74.07,13.86,3.83,81.17,5.68,3.78,86.21,3.55,8.5,85.71,4.53,8.31
NSR,0.5,KP,4.07,8,52.5,6,65,106.7,0.52,2.53,2.74,0.24,0.64,3.09,1.55,1.54,13,12,55.33,79.92,5.11,2.19,81.29,6.17,2.48,83.78,7.63,6.92,82.88,8.55,3.78,85.62,4.17,7.79
NSR,0,BP,3.83,6,53.5,4,56,107.5,1.15,1.71,2.77,0.36,0.89,2.34,1.36,0.98,15,10,44.49,91.01,-1.67,5.42,81.52,3.85,-1.66,76.78,9.22,2.96,85.28,-0.08,7.74,84.58,10.87,5.26
NSR,0,BP,3.63,7,46,4,56,118.2,1.16,1.72,2.78,0.42,1,5.57,2.17,3.4,13,11,46.02,88.06,2.02,0.06,68.94,8.35,-7.27,79.7,2.18,17.26,41.17,25.22,-22.18,76.87,2.33,15.46
NSR,0,BP,4.97,6,50.5,3,59,101.4,1.17,1.73,2.78,0.36,0.89,2.62,1.37,1.25,15,10,50.21,83.18,0.89,0.71,78.54,-0.19,5.33,87.4,7.64,4.73,32.53,32.01,-27.89,87.11,7.47,5.46
NSR,0,BP,3.24,6,49,4,65,119,1.16,1.72,2.78,0.43,1.01,2.14,1.05,1.09,15,10,48.02,81.04,4.02,-1.6,53.16,16.17,-14.36,85.52,3.94,6.87,85.9,0.28,10.65,81.71,7.68,8.96
NSR,0,BP,4.07,6,52.5,4,65,111.7,1.15,1.71,2.77,0.36,1.04,2.31,1.19,1.12,15,10,49.39,84.96,-0.5,2.22,83.09,1.08,2.62,74.07,13.86,3.83,73.77,2.21,7.51,75.7,11.04,5.16
NSR,0,BP,4.2,6,51.5,4,68,145.5,1.17,1.7,2.74,0.36,0.89,2.32,1.51,0.81,15,10,47.16,87.9,0.19,2.36,84.7,2.03,0.62,81.29,6.17,2.48,89.06,0.1,2.95,78.91,9.41,4.6
NSR,0.1,BP,5.49,6,54.5,4,61,142.6,1.12,0.71,2.47,0.37,0.82,2.49,1.12,1.37,14,7,46.66,83.08,2.2,-0.44,66.23,14.95,-12.73,81.52,3.85,-1.66,36.71,27.37,-23.58,85.48,3.8,-0.32
NSR,0.1,BP,4.11,6,42.5,4,62,114.6,1.13,0.72,2.46,0.44,0.9,1.24,0.77,0.47,13,10,41.44,88.7,0.05,3.16,49.8,24.03,-20.59,68.94,8.35,-7.27,74.8,6.06,-3.71,89.06,1.04,2.23
NSR,0.1,BP,3.9,6,44.5,4,65,124.3,1.14,0.73,2.45,0.36,0.82,2.92,1.59,1.33,16,10,49.53,87.93,2.2,-0.34,86.33,1.2,2.4,78.54,-0.19,5.33,35.71,29.5,-24.03,89.62,-0.43,7.94
NSR,0.1,BP,4.68,7,54,4,65,165.9,1.35,0.72,2.75,0.38,0.92,2.6,0.99,1.61,16,10,47.34,83.16,3.88,-0.82,85.68,3.56,-0.2,53.16,16.17,-14.36,54,11.66,-9.07,74.22,9.78,-6.81
NSR,0.1,BP,3.96,6,48.5,4,68,144.4,1.1,0.73,2.45,0.44,0.9,2.81,1.82,0.99,16,10,44.6,85.74,1.19,1.56,78.51,6.98,-4.69,83.09,1.08,2.62,84.87,5.56,-1.27,89.09,-0.32,4.43
NSR,0.1,BP,4.45,6,56.5,5,62,154.7,1.15,73,2.44,0.36,0.82,2.65,1.69,0.96,16,10,50.4,76.07,10.29,-8.36,82.81,6.6,-4.11,84.7,2.03,0.62,71.25,7.87,-3.79,84.29,-0.09,3.62
NSR,0.3,BP,3.45,6,53,3,56,134.9,0.91,1.88,2.47,0.35,0.77,2.31,1.03,1.28,14,10,49.8,86.28,0.98,1.53,59.99,11,-8.51,66.23,14.95,-12.73,48.53,18.45,-16.39,84.9,1.17,2.02
NSR,0.3,BP,4.51,7,57,6,68,132,0.93,1.89,2.48,0.42,0.88,2.93,1.24,1.69,16,10,48.8,87.53,0.63,1.8,76.02,7.57,-4.57,49.8,24.03,-20.59,83.58,3.67,-1.13,87.17,2.11,4.34
NSR,0.3,BP,3.9,5,43.5,4,68,109,0.93,1.87,2.44,0.35,0.77,2.65,1.48,1.17,16,10,45.93,81.16,0.3,2.25,82.33,6.26,-3.02,86.33,1.2,2.4,82.71,1.88,1.32,80.42,-2.18,8.68
NSR,0.3,BP,4.45,4,54.5,5,68,142,1.05,0.66,2.61,0.32,0.85,2.79,1.18,1.61,16,10,54.02,86.18,0.74,1.34,81.93,6.97,-3.28,85.68,3.56,-0.2,59.71,12.28,-9.83,86.21,2.51,0.71
NSR,0.3,BP,4.69,6,49.5,3,65,124.1,0.91,1.87,2.45,0.42,0.88,2.45,1,1.45,14,10,51.02,60.72,6.61,-4.3,63.17,13.11,-9.44,78.51,6.98,-4.69,72.48,11.59,-9.2,84.69,3.03,-0.35
NSR,0.3,BP,4.16,7,46.5,6,68,121.5,0.92,1.89,2.48,0.42,0.87,2.57,1.16,1.41,16,10,47.82,75.53,7.16,-6.04,41.83,29.7,-26.89,82.81,6.6,-4.11,51.18,22.2,-19.33,76.58,9.47,-6.75
NSR,0.5,BP,5.59,7,60.5,6,68,126,1.33,0.75,2.1,0.32,0.78,2.55,1.12,1.43,16,10,52.65,73.81,-0.16,2.77,86.78,0.64,2.49,59.99,11,-8.51,72.95,7.44,-3.18,87.41,0.63,3.53
NSR,0.5,BP,4.56,5,54.5,5,77,154.7,1.35,0.76,2.12,0.39,0.88,2.61,1.31,1.3,16,10,46.09,88.37,-0.48,3.12,52.47,18.76,-16.21,76.02,7.57,-4.57,83.42,0.72,2.35,89.67,-0.48,5.35
NSR,0.5,BP,4.28,5,48,4,75,123.9,1.34,0.77,2.12,0.33,0.78,2.59,1.42,1.17,16,10,50.28,83.78,-0.22,3.1,71.85,2.35,-0.61,82.33,6.26,-3.02,87.35,1.57,2.53,71.12,8.83,-6.47
NSR,0.5,BP,3.97,6,48,4,77,121.2,1.26,0.63,2.43,0.34,0.84,2.29,0.82,1.47,16,10,44.26,83.38,0.6,1.9,70.79,10.88,-8.37,81.93,6.97,-3.28,30.75,32.32,-26.6,86.25,1.4,1.92
NSR,0.5,BP,3.87,6,43.5,3,80,127.1,1.33,0.75,2.1,0.39,0.88,2.85,1.51,1.34,16,10,48.2,78.11,1.39,1.51,41.57,27.31,-23.96,63.17,13.11,-9.44,68.41,22.23,-8.72,89.51,1.58,3.41
NSR,0.5,BP,4.54,5,49.5,6,82,134,1.35,0.76,2.13,0.39,0.88,2.53,1.37,1.16,16,11,47.37,88.93,-0.47,3.66,84.47,1.22,1.82,41.83,29.7,-26.89,58.78,16.45,-14.88,59.94,17.18,-15.8
NSR,0,KW,4.14,6,43.5,5,66,121.1,1.51,0.77,2.36,0.21,0.51,3.04,1.45,1.59,15,10,45.12,92.54,-0.97,3.27,91.85,-0.22,3.91,86.78,0.64,2.49,90.7,-0.37,9.54,86.92,-0.08,5.18
NSR,0,KW,3.72,8,54,3,65,94.4,1.53,0.79,2.35,0.27,0.61,3.2,1.68,1.52,6,17,53.88,86.22,-0.61,2.62,88.22,0.38,9.55,52.47,18.76,-16.21,80.74,1,10.69,90.01,0.52,3.49
NSR,0,KW,4.45,7,43,4,66,126.2,1.49,0.77,2.35,0.21,0.51,2.84,1.68,1.16,6,15,49.14,81.84,-0.61,1.87,93.18,-0.22,6.5,71.85,2.35,-0.61,89.51,-0.74,9.31,89.8,-0.34,4.06
NSR,0,KW,5.05,7,55,3,65,111.8,1.47,0.78,2.35,0.21,0.51,2.04,1.4,0.64,6,15,48.36,88.48,-0.47,1.95,87.74,1.37,11.61,70.79,10.88,-8.37,89.85,0.95,8.09,83.72,4.46,-2.12
NSR,0,KW,4.67,7,51,3,65,127.1,1.54,0.74,2.33,0.27,0.56,3.9,3.05,0.85,15,10,49.43,90.44,-0.53,2.61,91.98,-0.11,3.66,41.57,27.31,-23.96,88.58,-1.11,6.58,42.4,26.35,-24.83
NSR,0,KW,5.1,7,49.5,4,65,103.7,1.47,0.78,2.35,0.21,0.51,4.11,2.58,1.53,15,14,50.74,88.95,-0.66,2.31,87.63,0.07,4.21,84.47,1.22,1.82,81.9,0.34,10.44,81.95,1.92,1.53
NSR,0.1,KW,4.45,6,49.5,4,65,138.3,1.23,1.26,1.85,0.22,0.38,3.96,2.34,1.62,16,14,48.19,87.07,-1.45,3.95,91.28,-1.07,6.57,91.85,-0.22,3.91,90.2,-1.15,5.91,93.61,-0.72,4.42
NSR,0.1,KW,4.52,7,50.5,3,68,154,1.26,1.25,1.86,0.26,0.44,4.01,2.25,1.76,16,15,49.22,90.29,-0.7,2.67,93.35,-0.17,4.4,88.22,0.38,9.55,92,-0.66,7.82,71.29,2.45,26.68
NSR,0.1,KW,3.97,7,46.5,3,68,144.5,1.24,1.25,1.85,0.22,0.38,3.13,1.61,1.52,7,15,50.95,81.01,-0.85,3.51,89.44,0.1,7.46,93.18,-0.22,6.5,91.43,-1.8,8.31,81.24,1.35,19.17
NSR,0.1,KW,3.93,7,46,3,65,149.5,1.24,1.25,1.85,0.22,0.38,5.16,4.77,0.39,22,21,45.27,90.64,-1.69,6.75,92.55,-0.59,6.13,87.74,1.37,11.61,90.88,-0.3,4.21,80.72,0.99,16.39
NSR,0.1,KW,4.23,8,51,5,64,122.2,1.23,1.27,1.84,0.22,0.38,3.83,1.85,1.98,19,14,42.78,90.08,-0.6,2.29,84.99,-0.83,6.03,91.98,-0.11,3.66,86.14,-0.54,11.14,92.1,-0.66,4.68
NSR,0.1,KW,4.88,7,47.5,4,65,131.3,1.24,1.25,1.85,0.22,0.38,3.25,2.59,0.66,19,13,43.48,93.85,-1.16,4.38,88.17,-0.05,3.48,87.63,0.07,4.21,90.31,-0.59,7.46,93.41,-0.62,4.96
NSR,0.3,KW,5.36,8,49.5,3,65,89.5,1.55,0.54,1.98,0.18,0.39,4.35,3.93,0.42,16,10,44.76,81.07,-0.71,3.23,88.2,-0.33,4.5,91.28,-1.07,6.57,86.6,0.3,12.11,90.07,-1.05,5.22
NSR,0.3,KW,4.15,8,45.5,4,64,153.6,1.56,0.57,1.96,0.22,0.47,3.53,2.17,1.36,16,10,46.45,91.31,-0.57,2.83,90.5,-1.26,7.27,93.35,-0.17,4.4,92.37,-0.26,4.2,92.78,-1.74,7.58
NSR,0.3,KW,3.52,7,52.5,3,59,126.3,1.55,0.54,1.98,0.18,0.39,3.51,1.64,1.87,16,15,46.9,92.1,-0.56,2.94,91.73,-0.42,5.13,89.44,0.1,7.46,88.47,0.77,11.84,77.72,-0.08,14.33
NSR,0.3,KW,4.78,7,50.5,4,59,147.1,1.55,0.54,1.98,0.18,0.39,3.34,1.79,1.55,16,10,50.99,92.57,-0.72,3.28,92.22,-0.28,4.29,92.55,-0.59,6.13,90.74,-0.24,5.28,96.11,-0.63,5.7
NSR,0.3,KW,4.26,7,45.5,4,77,139.4,1.57,0.54,1.98,0.18,0.39,3.12,1.88,1.24,12,10,49.25,90.51,-0.75,2.96,88.11,-0.01,5.69,84.99,-0.83,6.03,89.1,-0.41,4.59,92.45,-0.72,9.57
NSR,0.3,KW,4.33,8,45,4,79,125,1.55,0.54,1.98,0.18,0.39,3.81,1.78,2.03,14,11,54.34,91.41,-0.46,3.02,91.07,-0.57,5.73,88.17,-0.05,3.48,90.77,-0.15,4.66,94.89,-0.59,5.31
NSR,0.5,KW,4.72,7,48.5,4,77,142.6,1.72,0.56,2.11,0.21,0.43,2.95,2.76,0.19,16,11,41.49,75.73,-1.18,3.71,91.18,-0.27,3.47,88.2,-0.33,4.5,79.15,0.99,22.64,91.48,-0.86,4.98
NSR,0.5,KW,5.07,6,46.5,4,65,150.4,1.75,0.54,2.15,0.25,0.5,3.28,3.23,0.05,22,10,49.78,85.18,-0.38,1.56,86.98,0.22,2.41,90.5,-1.26,7.27,90.94,-0.81,9.56,92.14,-1.72,8.22
NSR,0.5,KW,4.03,7,51.5,3,56,126.3,1.71,0.55,2.11,0.21,0.43,3.72,2.44,1.28,16,12,50.91,89.42,-0.84,3.66,90.69,-1.81,8.65,91.73,-0.42,5.13,90.86,-0.58,5.22,92.66,-0.35,5.3
NSR,0.5,KW,5.68,7,54.5,5,59,106.3,1.71,0.55,2.11,0.21,0.43,3.76,2.58,1.18,16,10,49.12,85.35,-0.83,3.21,88.38,-0.26,3.72,92.22,-0.28,4.29,91.62,-2.93,16.8,92.79,-0.69,5.8
NSR,0.5,KW,3.48,7,46.5,3,68,106.5,1.74,0.56,2.11,0.21,0.43,3.65,2.65,1,16,10,42.17,89.98,-1.48,5.52,89.15,-2.09,8.56,88.11,-0.01,5.69,93.41,-0.61,7.09,92.64,-0.26,8.53
NSR,0.5,KW,5.25,8,56,4,62,126.3,1.71,0.55,2.11,0.21,0.43,3.11,2.95,0.16,22,10,47.07,89.47,-1.99,4.93,90.55,-0.34,3.74,91.07,-0.57,5.73,87.21,-1.4,6.77,89.19,-0.1,6.79
